No,Name,Min,Avg,Median,Max
1,CABLE Output (VB-Audio Virtual Cable),-76.51787312545127,-53.55780675838597,-60.41272135339868,-17.929001319735146
