No,Name,Min,Avg,Median,Max
1,CABLE Output (VB-Audio Virtual Cable),-76.41158230427985,-76.2665518969168,-76.34132617780111,-74.82582993756841
