No,Name,Min,Avg,Median,Max
1,CABLE Output (VB-Audio Virtual Cable),-76.41999099201026,-76.34904474734066,-76.35252469435562,-75.74093239919247
