No,Name,Min,Avg,Median,Max
1,マイク (Logi USB Headset),-70.61616915614951,-58.27482628884074,0,-43.220620958810166
