No,Name,Min,Avg,Median,Max
1,Microphone (Jabra Evolve2 30),-84,-79.67737135922178,0,-52.079492785989274
