No,Name,Min,Avg,Median,Max
1,CABLE Output (VB-Audio Virtual Cable),-76.82916556782843,-50.96824926255229,-68.7112148723059,-9.093519397517742
