No,Name,Min,Avg,Median,Max
1,マイク (Realtek USB2.0 Audio),-72.92140346340516,-56.607573329833826,0,-30.12590154819879
