No,Name,Min,Avg,Median,Max
1,マイク (Recon Air),-78.34529056677768,-70.34711781654575,0,-54.02567920262466
