No,Name,Min,Avg,Median,Max
1,CABLE Output (VB-Audio Virtual Cable),-74.4928895788034,-71.41093306886208,-73.43824004093126,-45.412402140491885
