No,Name,Min,Avg,Median,Max
1,CABLE Output (VB-Audio Virtual Cable),-74.38259889768783,-48.721088190745604,-47.14269998323264,-12.483220489355592
