No,Name,Min,Avg,Median,Max
1,CABLE Output (VB-Audio Virtual Cable),-73.4978171574059,-73.44715811718592,-73.44966507526496,-73.3830458855739
