No,Name,Min,Avg,Median,Max
1,CABLE Output (VB-Audio Virtual Cable),-76.45128999827374,-52.364928537515496,-61.90794341082682,-12.240473385654976
