No,Name,Min,Avg,Median,Max
1,CABLE Output (VB-Audio Virtual Cable),-74.40530505745551,-72.44790662224368,-73.4864167979384,-54.71769123688023
