No,Name,Min,Avg,Median,Max
1,CABLE Output (VB-Audio Virtual Cable),-76.66976465603307,-54.0960118710836,-57.44692719896253,-16.782608549107852
