No,Name,Min,Avg,Median,Max
1,マイク (USB PnP Sound Device),-36.312325654942825,-35.91381586107448,0,-34.9993477288406
