No,Name,Min,Avg,Median,Max
1,CABLE Output (VB-Audio Virtual Cable),-76.52854469440099,-48.366030339767946,-51.024737616345874,-12.673453274656696
