No,Name,Min,Avg,Median,Max
1,マイク (Recon Air),-78.09425196414143,-66.50054593093904,0,-46.15324829175322
