No,Name,Min,Avg,Median,Max
1,CABLE Output (VB-Audio Virtual Cable),-76.7242804189644,-53.192500084457485,-64.02364489771435,-13.70120040580227
