No,Name,Min,Avg,Median,Max
1,マイク (Realtek USB2.0 Audio),-61.09987236709978,-42.13993339939612,0,-17.96728089787756
