No,Name,Min,Avg,Median,Max
1,ヘッドセット マイク (Jabra EVOLVE 20 SE MS),-63.038956279784486,-58.62783264266488,0,-45.507273840761215
