No,Name,Min,Avg,Median,Max
1,マイク (USB PnP Sound Device),-36.298964315214135,-35.96507942508868,0,-35.42122397247425
