No,Name,Min,Avg,Median,Max
1,マイク (Realtek USB2.0 Audio),-73.46570898612566,-60.45925093844283,0,-49.67782013664621
