No,Name,Min,Avg,Median,Max
1,マイク (Logi USB Headset),-69.64760025335833,-58.63857785670699,0,-39.7057997567872
