No,Name,Min,Avg,Median,Max
1,CABLE Output (VB-Audio Virtual Cable),-76.49271307630315,-76.37557047245174,-76.39896010471786,-75.91716562745933
