No,Name,Min,Avg,Median,Max
1,CABLE Output (VB-Audio Virtual Cable),-76.48257624119394,-71.46922161871397,-76.27887638034773,-42.657564566267084
