No,Name,Min,Avg,Median,Max
1,CABLE Output (VB-Audio Virtual Cable),-68.13062537234006,-49.3440744924126,-45.26430892886898,-24.62181144415622
