No,Name,Min,Avg,Median,Max
1,CABLE Output (VB-Audio Virtual Cable),-73.53133680957272,-71.85178392547351,-73.39594573157254,-44.73237244497135
