No,Name,Min,Avg,Median,Max
1,CABLE Output (VB-Audio Virtual Cable),-77.03078352808531,-50.5112394674111,-53.22812344583165,-10.702182129275247
