No,Name,Min,Avg,Median,Max
1,マイク (2- Logi USB Headset H340),-59.68581953858781,-51.5251393576136,0,-42.1009232726032
