No,Name,Min,Avg,Median,Max
1,マイク (Realtek USB2.0 Audio),-62.28305097725102,-56.34767756682622,0,-41.855116176892935
