No,Name,Min,Avg,Median,Max
1,CABLE Output (VB-Audio Virtual Cable),-76.45258548149573,-76.31608890328985,-76.32321511952117,-75.68726618971905
