No,Name,Min,Avg,Median,Max
1,マイク (Logi USB Headset),-69.05603690030753,-57.104906135493415,0,-45.02017957349579
