No,Name,Min,Avg,Median,Max
1,CABLE Output (VB-Audio Virtual Cable),-76.56581918188164,-55.75471820345413,-59.32302036561289,-10.919668131919668
