No,Name,Min,Avg,Median,Max
1,CABLE Output (VB-Audio Virtual Cable),-76.42206697724762,-76.18214380958202,-76.36512672578408,-70.49349674230342
