No,Name,Min,Avg,Median,Max
1,マイク (2- Logi USB Headset H340),-59.74304328150514,-50.68179431620667,0,-24.031685755220803
