No,Name,Min,Avg,Median,Max
1,CABLE Output (VB-Audio Virtual Cable),-76.51170738924891,-72.28888275186888,-76.30984071730211,-35.208116754700775
