No,Name,Min,Avg,Median,Max
1,CABLE Output (VB-Audio Virtual Cable),-76.54863959578992,-52.47469525162895,-56.969808444367615,-17.507954050854792
