No,Name,Min,Avg,Median,Max
1,ヘッドセット マイク (Jabra EVOLVE 20 SE MS),-62.79340102535636,-58.22334308538114,0,-46.15913975696063
