No,Name,Min,Avg,Median,Max
1,マイク (Realtek USB2.0 Audio),-69.48151476810425,-58.84890386266918,0,-43.825314052933884
