No,Name,Min,Avg,Median,Max
1,マイク (USB PnP Sound Device),-36.34391655047414,-35.88741296738132,0,-35.46488006842706
