No,Name,Min,Avg,Median,Max
1,マイク (Realtek USB2.0 Audio),-68.85918352970018,-59.00884957261109,0,-48.59069885900122
