No,Name,Min,Avg,Median,Max
1,マイク (Logi USB Headset),-68.96930020095435,-60.85803937404683,0,-50.547429838556035
