No,Name,Min,Avg,Median,Max
1,ヘッドセット マイク (Jabra EVOLVE 20 SE MS),-63.498121717990486,-58.025535625927695,0,-51.6402799989606
