No,Name,Min,Avg,Median,Max
1,CABLE Output (VB-Audio Virtual Cable),-73.78257877847025,-73.3295368823192,-73.43642963861853,-64.19449738778344
