No,Name,Min,Avg,Median,Max
1,CABLE Output (VB-Audio Virtual Cable),-72.06146637745624,-71.07525187025286,-71.58686194604724,-56.92157527440141
