No,Name,Min,Avg,Median,Max
1,CABLE Output (VB-Audio Virtual Cable),-73.60080195060254,-73.0009911461021,-73.49240770883546,-43.49688521367929
