No,Name,Min,Avg,Median,Max
1,CABLE Output (VB-Audio Virtual Cable),-76.47116373058563,-76.40466792297042,-76.40778049623727,-76.23159117223213
