No,Name,Min,Avg,Median,Max
1,マイク (Logi USB Headset),-68.7063398069831,-44.3680416221955,0,-21.88315696346194
