No,Name,Min,Avg,Median,Max
1,CABLE Output (VB-Audio Virtual Cable),-74.38400153407711,-72.04955368410377,-73.4482259547938,-41.86244899650599
