No,Name,Min,Avg,Median,Max
1,マイク (Realtek USB2.0 Audio),-72.60591003827554,-60.723549233232625,0,-51.385920204503144
