No,Name,Min,Avg,Median,Max
1,マイク (Realtek USB2.0 Audio),-62.728217011173825,-54.362533661531266,0,-37.403211017292946
