No,Name,Min,Avg,Median,Max
1,ヘッドセット マイク (Jabra EVOLVE 20 SE MS),-63.280673013523405,-59.154279560787764,0,-51.48290199931941
