No,Name,Min,Avg,Median,Max
1,CABLE Output (VB-Audio Virtual Cable),-76.44803643267701,-76.28827950849738,-76.38018087948012,-74.79675203719812
