No,Name,Min,Avg,Median,Max
1,CABLE Output (VB-Audio Virtual Cable),-76.72891086595729,-76.1136228544581,-76.39671919919022,-64.70240313328948
