No,Name,Min,Avg,Median,Max
1,マイク (2- Logi USB Headset H340),-58.47272450441415,-51.01941968299156,0,-41.579146051576714
