No,Name,Min,Avg,Median,Max
1,CABLE Output (VB-Audio Virtual Cable),-74.11106934254592,-73.50857769305378,-73.49558412992532,-73.45627237978447
