No,Name,Min,Avg,Median,Max
1,CABLE Output (VB-Audio Virtual Cable),-73.99517696553431,-73.399512016213,-73.41914030247693,-72.17410280156572
