No,Name,Min,Avg,Median,Max
1,ヘッドセット マイク (Jabra EVOLVE 20 SE MS),-64.91125038445887,-46.13085326191537,0,-15.804249970086277
