No,Name,Min,Avg,Median,Max
1,CABLE Output (VB-Audio Virtual Cable),-76.44564120971565,-76.36757987459535,-76.3700439821101,-75.96689126476502
