No,Name,Min,Avg,Median,Max
1,マイク (2- Logi USB Headset H340),-58.60505400358378,-50.27308074838342,0,-36.10292529133452
