No,Name,Min,Avg,Median,Max
1,CABLE Output (VB-Audio Virtual Cable),-73.51655623647297,-73.22326491221499,-73.39351916592373,-57.733516597046346
