No,Name,Min,Avg,Median,Max
1,CABLE Output (VB-Audio Virtual Cable),-76.44672936977427,-50.15237559427696,-47.94026776554477,-15.040547531026625
