No,Name,Min,Avg,Median,Max
1,CABLE Output (VB-Audio Virtual Cable),-76.59559091020567,-75.0866770557135,-76.16507641680833,-59.82198442750171
