No,Name,Min,Avg,Median,Max
1,マイク (Anker Soundsync),-84,-53.253870776442255,0,-13.177682060285465
