No,Name,Min,Avg,Median,Max
1,マイク (Recon Air),-78.07072635516626,-67.25483209700333,0,-49.64025066569622
