No,Name,Min,Avg,Median,Max
1,CABLE Output (VB-Audio Virtual Cable),-71.521454116214,-70.69293767311841,-71.2194252020354,-51.30165169651916
