No,Name,Min,Avg,Median,Max
1,マイク (Realtek USB2.0 Audio),-74.00748989799223,-59.48680003657507,0,-50.118379233267625
