No,Name,Min,Avg,Median,Max
1,CABLE Output (VB-Audio Virtual Cable),-73.09700457683684,-73.0170742808122,-73.01284462158011,-72.746941834252
