No,Name,Min,Avg,Median,Max
1,CABLE Output (VB-Audio Virtual Cable),-74.27236740304893,-67.45458058954988,-71.16685058984137,-47.84095829333033
