No,Name,Min,Avg,Median,Max
1,CABLE Output (VB-Audio Virtual Cable),-76.41458449474837,-76.25012404050867,-76.3426807535054,-74.77228746928871
