No,Name,Min,Avg,Median,Max
1,マイク (USB PnP Sound Device),-36.972898280268495,-31.40434513039745,0,-9.141914432335128
