No,Name,Min,Avg,Median,Max
1,CABLE Output (VB-Audio Virtual Cable),-74.26173963700268,-67.5915772542559,-73.35750752208688,-44.823548240514704
