No,Name,Min,Avg,Median,Max
1,Microphone (Jabra Evolve2 30),-84,-81.36701969708635,0,-57.085798649745996
