No,Name,Min,Avg,Median,Max
1,CABLE Output (VB-Audio Virtual Cable),-76.45829106138282,-76.3119781722011,-76.3690376262759,-72.84016566115965
