No,Name,Min,Avg,Median,Max
1,CABLE Output (VB-Audio Virtual Cable),-73.1323072655761,-47.78721003329266,-43.063907273446915,-19.625408293878593
