No,Name,Min,Avg,Median,Max
1,CABLE Output (VB-Audio Virtual Cable),-73.68273846452212,-70.49069878406782,-73.39260248993881,-44.839681436940126
