No,Name,Min,Avg,Median,Max
1,CABLE Output (VB-Audio Virtual Cable),-76.50167259039523,-76.30465761844931,-76.37052858088217,-74.17451959090019
