No,Name,Min,Avg,Median,Max
1,マイク (Realtek USB2.0 Audio),-61.87907539613928,-55.6243768783892,0,-44.65049260490646
