No,Name,Min,Avg,Median,Max
1,CABLE Output (VB-Audio Virtual Cable),-68.31954456359688,-49.231485240774134,-44.72482201407104,-22.58453390707929
