No,Name,Min,Avg,Median,Max
1,Microphone (Jabra Evolve2 30),-84,-51.764016486235946,0,-13.026700670993767
