No,Name,Min,Avg,Median,Max
1,CABLE Output (VB-Audio Virtual Cable),-76.46252065606737,-46.62642982210259,-46.374673127573374,-12.662217788515218
