No,Name,Min,Avg,Median,Max
1,CABLE Output (VB-Audio Virtual Cable),-73.9149723415112,-73.43696498680221,-73.42710992574126,-73.37250705447875
