No,Name,Min,Avg,Median,Max
1,マイク (Realtek USB2.0 Audio),-70.3093041264378,-50.54380386329437,0,-28.128406518876858
