No,Name,Min,Avg,Median,Max
1,CABLE Output (VB-Audio Virtual Cable),-73.85525977474134,-59.561636350670746,-58.50655673157022,-36.61622500613753
