No,Name,Min,Avg,Median,Max
1,CABLE Output (VB-Audio Virtual Cable),-76.42671518879263,-76.34362778477936,-76.34837192090151,-76.21213675376144
