No,Name,Min,Avg,Median,Max
1,CABLE Output (VB-Audio Virtual Cable),-76.64271562530942,-64.03224665391116,-73.51859408604322,-14.817832599806485
