No,Name,Min,Avg,Median,Max
1,マイク (Realtek USB2.0 Audio),-72.59389631072739,-60.61278159706693,0,-51.374269246240104
