No,Name,Min,Avg,Median,Max
1,CABLE Output (VB-Audio Virtual Cable),-74.2654416290465,-52.772494566712716,-51.463872844560555,-18.907888447737115
