No,Name,Min,Avg,Median,Max
1,マイク (Realtek USB2.0 Audio),-77.08333149724493,-60.63633591228773,0,-49.9486216934886
