No,Name,Min,Avg,Median,Max
1,マイク (Recon Air),-75.33633220880782,-52.8877120271333,0,-23.705314569015442
