No,Name,Min,Avg,Median,Max
1,CABLE Output (VB-Audio Virtual Cable),-76.45383440277597,-76.33170181600872,-76.36609246548915,-75.04464423039599
