No,Name,Min,Avg,Median,Max
1,CABLE Output (VB-Audio Virtual Cable),-76.60024381224014,-70.84388894747295,-76.26538295657673,-40.85695222281938
