No,Name,Min,Avg,Median,Max
1,マイク (Realtek USB2.0 Audio),-62.80936910902001,-51.613983020902545,0,-27.510089806262318
