No,Name,Min,Avg,Median,Max
1,CABLE Output (VB-Audio Virtual Cable),-76.54974602549635,-75.04750831274065,-76.04580342093863,-63.35857417798507
