No,Name,Min,Avg,Median,Max
1,CABLE Output (VB-Audio Virtual Cable),-73.91170558405624,-62.67653505052891,-72.81916349819566,-30.470618398506684
