No,Name,Min,Avg,Median,Max
1,マイク (Realtek USB2.0 Audio),-72.12773490756013,-60.339395156189106,0,-47.17168229331313
