No,Name,Min,Avg,Median,Max
1,ヘッドセット (OpenComm by Shokz Hands-Free AG Audio),-64.84113968389862,-55.558907806841795,0,-40.196696099158224
