No,Name,Min,Avg,Median,Max
1,マイク (Recon Air),-77.87349478694094,-68.46861154114161,0,-53.62167676146527
