No,Name,Min,Avg,Median,Max
1,マイク (2- Logi USB Headset H340),-56.53743310335696,-40.84295550891972,0,-15.885612995657834
