No,Name,Min,Avg,Median,Max
1,CABLE Output (VB-Audio Virtual Cable),-73.82826317832524,-73.40676576293367,-73.40092738271625,-73.36119449329996
