No,Name,Min,Avg,Median,Max
1,CABLE Output (VB-Audio Virtual Cable),-76.46325815430183,-76.38778192183712,-76.39513261014268,-75.78803021034747
