No,Name,Min,Avg,Median,Max
1,マイク (Realtek USB2.0 Audio),-71.32543910066283,-60.5683998786946,0,-52.203107291229756
