No,Name,Min,Avg,Median,Max
1,CABLE Output (VB-Audio Virtual Cable),-73.85707744902986,-73.25879306108872,-73.42101944959194,-62.62983042526565
