No,Name,Min,Avg,Median,Max
1,CABLE Output (VB-Audio Virtual Cable),-71.96864690132863,-70.89586621620789,-71.46617535077283,-49.74780220277438
