No,Name,Min,Avg,Median,Max
1,CABLE Output (VB-Audio Virtual Cable),-76.49805529655607,-71.53708648838298,-76.23075746652938,-46.77977285775338
